{"bleu": 0.005488071564577388, "rouge-L": 0.12798523856106525, "meteor": 0.12086633889945503}