{"bleu": 0.00924388858889739, "rouge-L": 0.13927842165029286, "meteor": 0.13463001476460038}