{"blue": 0.056685505260577425, "rouge-L": 0.19610763638359774, "meteor": 0.1836898504626767}