{"bleu": 0.05603154714658367, "rouge-L": 0.20528022358336365, "meteor": 0.18731887878651574}