{"bleu": 0.049960306084988124, "rouge-L": 0.21378104443531679, "meteor": 0.1930390271481432}