{"bleu": 0.015757359188831702, "rouge-L": 0.180910000172323, "meteor": 0.16753561720940716}