{"bleu": 0.047862430229721205, "rouge-L": 0.21059653907586745, "meteor": 0.19337105260726511}