{"bleu": 0.05522536166897429, "rouge-L": 0.20634894191591915, "meteor": 0.19137183992213103}