{"bleu": 0.058441161243763896, "rouge-L": 0.21878601043789453, "meteor": 0.20190224909161486}