{"bleu": 0.06060876138948927, "rouge-L": 0.21477656155411795, "meteor": 0.20110739360829433}