{"bleu": 0.01569796368126001, "rouge-L": 0.18180380019805029, "meteor": 0.16404506524811838}