{"bleu": 0.057961577402720274, "rouge-L": 0.20790492163433708, "meteor": 0.1984193405961005}