{"bleu": 0.059226826016226676, "rouge-L": 0.21768017600626927, "meteor": 0.19981269943630212}