{"bleu": 0.04533369706736175, "rouge-L": 0.21051521211627716, "meteor": 0.19430132368214514}