{"bleu": 0.04798853917091978, "rouge-L": 0.20674425941228114, "meteor": 0.18820596412936352}