{"bleu": 0.05944313919236753, "rouge-L": 0.21078278852221038, "meteor": 0.19323437796802329}