{"bleu": 0.05524020414933144, "rouge-L": 0.20906044839197024, "meteor": 0.1944591899177753}