{"bleu": 0.05684074689339329, "rouge-L": 0.20786906353015733, "meteor": 0.1899450273884779}